Trade Time,Volume,Price
10/12/2017 9:33:00 AM,665180,156.72
10/12/2017 9:33:00 AM,692778,156.80
10/12/2017 9:33:00 AM,703428,156.85
10/12/2017 9:34:00 AM,733959,156.884
10/12/2017 9:34:00 AM,757401,156.83
10/12/2017 9:34:00 AM,773618,156.737
10/12/2017 9:34:00 AM,784038,156.7196
10/12/2017 9:35:00 AM,806910,156.77
10/12/2017 9:35:00 AM,834170,156.7111
10/12/2017 9:35:00 AM,846653,156.81
10/12/2017 9:36:00 AM,890711,156.75
10/12/2017 9:36:00 AM,908114,156.74
10/12/2017 9:36:00 AM,912318,156.74
10/12/2017 9:36:00 AM,919011,156.701
10/12/2017 9:37:00 AM,930874,156.69
10/12/2017 9:37:00 AM,976935,156.67
10/12/2017 9:37:00 AM,988460,156.7291
10/12/2017 9:37:00 AM,1002087,156.76
10/12/2017 9:38:00 AM,1019749,156.74
10/12/2017 9:38:00 AM,1037564,156.69
10/12/2017 9:38:00 AM,1057848,156.62
10/12/2017 9:38:00 AM,1081831,156.64
10/12/2017 9:39:00 AM,1095977,156.6442
10/12/2017 9:39:00 AM,1111484,156.66
10/12/2017 9:39:00 AM,1127906,156.69
10/12/2017 9:39:00 AM,1137491,156.71
10/12/2017 9:40:00 AM,1158675,156.7401
10/12/2017 9:40:00 AM,1177630,156.77
10/12/2017 9:40:00 AM,1186997,156.78
10/12/2017 9:40:00 AM,1192139,156.72
10/12/2017 9:41:00 AM,1200215,156.71
10/12/2017 9:41:00 AM,1210469,156.72
10/12/2017 9:41:00 AM,1227726,156.78
10/12/2017 9:41:00 AM,1238231,156.74
10/12/2017 9:42:00 AM,1257160,156.66
10/12/2017 9:42:00 AM,1280899,156.64
10/12/2017 9:42:00 AM,1297932,156.62
10/12/2017 9:42:00 AM,1325858,156.60
10/12/2017 9:43:00 AM,1333051,156.6455
10/12/2017 9:43:00 AM,1348899,156.71
10/12/2017 9:43:00 AM,1364885,156.66
10/12/2017 9:43:00 AM,1373811,156.72
10/12/2017 9:44:00 AM,1381673,156.62
10/12/2017 9:44:00 AM,1388091,156.65
10/12/2017 9:44:00 AM,1402819,156.7234
10/12/2017 9:44:00 AM,1408649,156.72
10/12/2017 9:45:00 AM,1431495,156.64
10/12/2017 9:45:00 AM,1451743,156.61
10/12/2017 9:45:00 AM,1473425,156.65
10/12/2017 9:45:00 AM,1484301,156.66
10/12/2017 9:46:00 AM,1497476,156.74
10/12/2017 9:46:00 AM,1537847,156.81
10/12/2017 9:46:00 AM,1554513,156.80
10/12/2017 9:46:00 AM,1570558,156.78
10/12/2017 9:47:00 AM,1592478,156.85
10/12/2017 9:47:00 AM,1626881,156.90
10/12/2017 9:47:00 AM,1647179,156.89
10/12/2017 9:47:00 AM,1674050,156.93
10/12/2017 9:48:00 AM,1707366,156.88
10/12/2017 9:48:00 AM,1727314,156.86
10/12/2017 9:48:00 AM,1749583,156.8973
10/12/2017 9:48:00 AM,1756402,156.91
10/12/2017 9:49:00 AM,1772156,156.87
10/12/2017 9:49:00 AM,1789841,156.91
10/12/2017 9:49:00 AM,1842656,156.9886
10/12/2017 9:50:00 AM,1958521,156.9962
10/12/2017 9:50:00 AM,1999157,157.03
10/12/2017 9:50:00 AM,2019355,157.0345
10/12/2017 9:50:00 AM,2066179,156.90
10/12/2017 9:51:00 AM,2095309,156.97
10/12/2017 9:51:00 AM,2121150,156.9802
10/12/2017 9:51:00 AM,2152638,157.00
10/12/2017 9:51:00 AM,2172793,156.95
10/12/2017 9:52:00 AM,2194118,157.04
10/12/2017 9:52:00 AM,2212422,157.03
10/12/2017 9:52:00 AM,2220349,157.03
10/12/2017 9:52:00 AM,2228766,157.01
10/12/2017 9:53:00 AM,2241230,157.06
10/12/2017 9:53:00 AM,2274975,157.085
10/12/2017 9:53:00 AM,2319428,157.1298
10/12/2017 9:53:00 AM,2357708,157.1702
10/12/2017 9:54:00 AM,2377793,157.15
10/12/2017 9:54:00 AM,2404354,157.13
10/12/2017 9:54:00 AM,2441273,157.24
10/12/2017 9:54:00 AM,2467024,157.19
10/12/2017 9:55:00 AM,2506554,157.287
10/12/2017 9:55:00 AM,2579072,157.33
10/12/2017 9:55:00 AM,2605743,157.28
10/12/2017 9:55:00 AM,2626767,157.24
10/12/2017 9:56:00 AM,2651903,157.2056
10/12/2017 9:56:00 AM,2695250,157.22
10/12/2017 9:56:00 AM,2703946,157.2304
10/12/2017 9:56:00 AM,2712759,157.26
10/12/2017 9:57:00 AM,2746364,157.32
10/12/2017 9:57:00 AM,2754326,157.30
10/12/2017 9:57:00 AM,2772190,157.27
10/12/2017 9:57:00 AM,2782209,157.26
10/12/2017 9:58:00 AM,2794218,157.21
10/12/2017 9:58:00 AM,2839506,157.1144
10/12/2017 9:58:00 AM,2914862,157.0199
10/12/2017 9:58:00 AM,2968839,156.99
10/12/2017 9:59:00 AM,3039624,156.86
10/12/2017 9:59:00 AM,3080340,156.84
10/12/2017 9:59:00 AM,3099188,156.91
10/12/2017 9:59:00 AM,3110462,156.885
10/12/2017 10:00:00 AM,3250002,156.72
10/12/2017 10:00:00 AM,3336154,156.63
10/12/2017 10:00:00 AM,3415142,156.67
10/12/2017 10:00:00 AM,3474913,156.52
10/12/2017 10:01:00 AM,3517582,156.71
10/12/2017 10:01:00 AM,3584611,156.8953
10/12/2017 10:01:00 AM,3606201,156.94
10/12/2017 10:02:00 AM,3635685,156.90
10/12/2017 10:02:00 AM,3663444,156.96
10/12/2017 10:02:00 AM,3680244,156.965
10/12/2017 10:02:00 AM,3715986,156.94
10/12/2017 10:03:00 AM,3752834,157.03
10/12/2017 10:03:00 AM,3772197,156.98
10/12/2017 10:03:00 AM,3801219,157.075
10/12/2017 10:03:00 AM,3813608,157.045
10/12/2017 10:04:00 AM,3829433,156.9657
10/12/2017 10:04:00 AM,3841513,156.94
10/12/2017 10:04:00 AM,3849853,156.85
10/12/2017 10:04:00 AM,3868301,156.88
10/12/2017 10:05:00 AM,3885807,156.88
10/12/2017 10:05:00 AM,3902294,156.79
10/12/2017 10:05:00 AM,3912712,156.8357
10/12/2017 10:05:00 AM,3922531,156.83
10/12/2017 10:06:00 AM,3938437,156.77
10/12/2017 10:06:00 AM,3963798,156.73
10/12/2017 10:06:00 AM,3977651,156.81
10/12/2017 10:06:00 AM,3985833,156.79
10/12/2017 10:07:00 AM,3991812,156.80
10/12/2017 10:07:00 AM,3995973,156.7459
10/12/2017 10:07:00 AM,4012435,156.80
10/12/2017 10:07:00 AM,4026277,156.90
10/12/2017 10:08:00 AM,4036474,156.87
10/12/2017 10:08:00 AM,4049808,156.86
10/12/2017 10:08:00 AM,4059399,156.84
10/12/2017 10:08:00 AM,4073276,156.885
10/12/2017 10:09:00 AM,4095251,156.7799
10/12/2017 10:09:00 AM,4099913,156.788
10/12/2017 10:09:00 AM,4111571,156.815
10/12/2017 10:09:00 AM,4121573,156.86
10/12/2017 10:10:00 AM,4146217,156.8699
10/12/2017 10:10:00 AM,4153424,156.87
10/12/2017 10:10:00 AM,4172550,156.85
10/12/2017 10:10:00 AM,4183285,156.8493
10/12/2017 10:11:00 AM,4190511,156.85
10/12/2017 10:11:00 AM,4197787,156.81
10/12/2017 10:11:00 AM,4217744,156.93
10/12/2017 10:11:00 AM,4232707,156.935
10/12/2017 10:12:00 AM,4255398,156.94
10/12/2017 10:12:00 AM,4259657,156.9113
10/12/2017 10:12:00 AM,4271408,156.90
10/12/2017 10:13:00 AM,4282782,156.94
10/12/2017 10:13:00 AM,4293137,156.89
10/12/2017 10:13:00 AM,4308841,156.90
10/12/2017 10:13:00 AM,4315345,156.85
10/12/2017 10:14:00 AM,4320181,156.85
10/12/2017 10:14:00 AM,4323636,156.84
10/12/2017 10:14:00 AM,4336821,156.7902
10/12/2017 10:14:00 AM,4350305,156.79
10/12/2017 10:15:00 AM,4361116,156.7665
10/12/2017 10:15:00 AM,4374538,156.755
10/12/2017 10:15:00 AM,4378127,156.77
10/12/2017 10:15:00 AM,4394167,156.78
10/12/2017 10:16:00 AM,4401006,156.83
10/12/2017 10:16:00 AM,4412532,156.8293
10/12/2017 10:16:00 AM,4418764,156.81
10/12/2017 10:16:00 AM,4421565,156.82
10/12/2017 10:17:00 AM,4438480,156.86
10/12/2017 10:17:00 AM,4443213,156.86
10/12/2017 10:17:00 AM,4453979,156.84
10/12/2017 10:17:00 AM,4457258,156.79
10/12/2017 10:18:00 AM,4463130,156.84
10/12/2017 10:18:00 AM,4477818,156.92
10/12/2017 10:18:00 AM,4493415,156.915
10/12/2017 10:18:00 AM,4500401,156.90
10/12/2017 10:19:00 AM,4507455,156.88
10/12/2017 10:19:00 AM,4533269,156.9183
10/12/2017 10:19:00 AM,4548024,156.93
10/12/2017 10:19:00 AM,4558515,156.9402
10/12/2017 10:20:00 AM,4570934,156.88
10/12/2017 10:20:00 AM,4587104,156.86
10/12/2017 10:20:00 AM,4597052,156.875
10/12/2017 10:20:00 AM,4603353,156.84
10/12/2017 10:21:00 AM,4606379,156.85
10/12/2017 10:21:00 AM,4613058,156.89
10/12/2017 10:21:00 AM,4634847,156.931
10/12/2017 10:21:00 AM,4659344,156.9358
10/12/2017 10:22:00 AM,4663721,156.93
10/12/2017 10:22:00 AM,4666912,156.95
10/12/2017 10:22:00 AM,4672394,156.938
10/12/2017 10:22:00 AM,4677031,156.905
10/12/2017 10:23:00 AM,4702330,156.849
10/12/2017 10:23:00 AM,4710107,156.8467
10/12/2017 10:23:00 AM,4711814,156.85
10/12/2017 10:23:00 AM,4718618,156.84
10/12/2017 10:24:00 AM,4723077,156.81
10/12/2017 10:24:00 AM,4735487,156.74
10/12/2017 10:24:00 AM,4742409,156.7899
10/12/2017 10:24:00 AM,4745922,156.785
10/12/2017 10:25:00 AM,4759498,156.805
10/12/2017 10:25:00 AM,4770018,156.79
10/12/2017 10:25:00 AM,4778224,156.80
10/12/2017 10:26:00 AM,4779310,156.81
10/12/2017 10:26:00 AM,4789914,156.7566
10/12/2017 10:26:00 AM,4798923,156.77
10/12/2017 10:26:00 AM,4803042,156.78
10/12/2017 10:27:00 AM,4813216,156.79
10/12/2017 10:27:00 AM,4837847,156.78
10/12/2017 10:27:00 AM,4860453,156.7401
10/12/2017 10:27:00 AM,4868719,156.78
10/12/2017 10:28:00 AM,4876818,156.76
10/12/2017 10:28:00 AM,4884138,156.74
10/12/2017 10:28:00 AM,4896864,156.728
10/12/2017 10:28:00 AM,4901875,156.7499
10/12/2017 10:29:00 AM,4907560,156.74
10/12/2017 10:29:00 AM,4912326,156.76
10/12/2017 10:29:00 AM,4925917,156.78
10/12/2017 10:29:00 AM,4931480,156.76
10/12/2017 10:30:00 AM,4944733,156.79
10/12/2017 10:30:00 AM,4961813,156.79
10/12/2017 10:30:00 AM,4970208,156.79
10/12/2017 10:30:00 AM,4991432,156.79
10/12/2017 10:31:00 AM,5004998,156.79
10/12/2017 10:31:00 AM,5012151,156.78
10/12/2017 10:31:00 AM,5020098,156.785
10/12/2017 10:31:00 AM,5032166,156.80
10/12/2017 10:32:00 AM,5050350,156.79
10/12/2017 10:32:00 AM,5050973,156.7858
10/12/2017 10:32:00 AM,5064953,156.78
10/12/2017 10:32:00 AM,5109733,156.72
10/12/2017 10:33:00 AM,5128392,156.71
10/12/2017 10:33:00 AM,5136219,156.69
10/12/2017 10:33:00 AM,5144795,156.68
10/12/2017 10:33:00 AM,5155190,156.675
10/12/2017 10:34:00 AM,5161316,156.67
10/12/2017 10:34:00 AM,5168713,156.65
10/12/2017 10:34:00 AM,5180102,156.622
10/12/2017 10:34:00 AM,5183961,156.62
10/12/2017 10:35:00 AM,5192958,156.635
10/12/2017 10:35:00 AM,5207012,156.645
10/12/2017 10:35:00 AM,5215172,156.66
10/12/2017 10:35:00 AM,5230349,156.70
10/12/2017 10:36:00 AM,5236627,156.70
10/12/2017 10:36:00 AM,5239782,156.73
10/12/2017 10:36:00 AM,5244938,156.7352
10/12/2017 10:36:00 AM,5257006,156.69
10/12/2017 10:37:00 AM,5282011,156.72
10/12/2017 10:37:00 AM,5302060,156.75
10/12/2017 10:37:00 AM,5317786,156.78
10/12/2017 10:38:00 AM,5324114,156.73
10/12/2017 10:38:00 AM,5327857,156.7237
10/12/2017 10:38:00 AM,5377849,156.79
10/12/2017 10:38:00 AM,5393963,156.77
10/12/2017 10:39:00 AM,5398850,156.7763
10/12/2017 10:39:00 AM,5413873,156.74
10/12/2017 10:39:00 AM,5415701,156.74
10/12/2017 10:39:00 AM,5418048,156.75
10/12/2017 10:40:00 AM,5426292,156.7644
10/12/2017 10:40:00 AM,5432911,156.78
10/12/2017 10:40:00 AM,5439719,156.79
10/12/2017 10:40:00 AM,5449557,156.795
10/12/2017 10:41:00 AM,5457999,156.71
10/12/2017 10:41:00 AM,5466496,156.72
10/12/2017 10:41:00 AM,5469630,156.71
10/12/2017 10:41:00 AM,5478903,156.69
10/12/2017 10:42:00 AM,5488441,156.70
10/12/2017 10:42:00 AM,5491796,156.6901
10/12/2017 10:42:00 AM,5499012,156.73
10/12/2017 10:42:00 AM,5510608,156.76
10/12/2017 10:43:00 AM,5512427,156.75
10/12/2017 10:43:00 AM,5516124,156.759
10/12/2017 10:43:00 AM,5521548,156.705
10/12/2017 10:43:00 AM,5523225,156.705
10/12/2017 10:44:00 AM,5534687,156.675
10/12/2017 10:44:00 AM,5548156,156.695
10/12/2017 10:44:00 AM,5555956,156.696
10/12/2017 10:44:00 AM,5562744,156.67
10/12/2017 10:45:00 AM,5565505,156.67
10/12/2017 10:45:00 AM,5569031,156.655
10/12/2017 10:45:00 AM,5587998,156.61
10/12/2017 10:45:00 AM,5617918,156.5788
10/12/2017 10:46:00 AM,5623035,156.57
10/12/2017 10:46:00 AM,5628473,156.5975
10/12/2017 10:46:00 AM,5632955,156.61
10/12/2017 10:46:00 AM,5640612,156.6315
10/12/2017 10:47:00 AM,5646581,156.61
10/12/2017 10:47:00 AM,5651919,156.60
10/12/2017 10:47:00 AM,5653932,156.60
10/12/2017 10:47:00 AM,5661282,156.64
10/12/2017 10:48:00 AM,5665703,156.64
10/12/2017 10:48:00 AM,5670829,156.65
10/12/2017 10:48:00 AM,5675666,156.66
10/12/2017 10:48:00 AM,5679393,156.67
10/12/2017 10:49:00 AM,5689827,156.6435
10/12/2017 10:49:00 AM,5693383,156.66
10/12/2017 10:49:00 AM,5698770,156.65
10/12/2017 10:50:00 AM,5704271,156.69
10/12/2017 10:50:00 AM,5711387,156.71
10/12/2017 10:50:00 AM,5715175,156.7363
10/12/2017 10:50:00 AM,5716363,156.73
10/12/2017 10:51:00 AM,5719228,156.725
10/12/2017 10:51:00 AM,5723851,156.7079
10/12/2017 10:51:00 AM,5726985,156.695
10/12/2017 10:51:00 AM,5731109,156.74
10/12/2017 10:52:00 AM,5736412,156.75
10/12/2017 10:52:00 AM,5743684,156.765
10/12/2017 10:52:00 AM,5845869,156.7407
10/12/2017 10:52:00 AM,5849885,156.7635
10/12/2017 10:53:00 AM,5851988,156.7753
10/12/2017 10:53:00 AM,5854221,156.76
10/12/2017 10:53:00 AM,5868034,156.7402
10/12/2017 10:53:00 AM,5872810,156.74
10/12/2017 10:54:00 AM,5883106,156.70
10/12/2017 10:54:00 AM,5887091,156.69
10/12/2017 10:54:00 AM,5887309,156.69
10/12/2017 10:54:00 AM,5898818,156.67
10/12/2017 10:55:00 AM,5904996,156.6699
10/12/2017 10:55:00 AM,5912050,156.655
10/12/2017 10:55:00 AM,5922402,156.71
10/12/2017 10:55:00 AM,5926679,156.7401
10/12/2017 10:56:00 AM,5932124,156.72
10/12/2017 10:56:00 AM,5935072,156.73
10/12/2017 10:56:00 AM,5946136,156.77
10/12/2017 10:56:00 AM,5962512,156.78
10/12/2017 10:57:00 AM,5974153,156.84
10/12/2017 10:57:00 AM,5983883,156.801
10/12/2017 10:57:00 AM,6010026,156.81
10/12/2017 10:57:00 AM,6028271,156.855
10/12/2017 10:58:00 AM,6064103,156.82
10/12/2017 10:58:00 AM,6068283,156.83
10/12/2017 10:58:00 AM,6086523,156.83
10/12/2017 10:58:00 AM,6106458,156.85
10/12/2017 10:59:00 AM,6116779,156.8499
10/12/2017 10:59:00 AM,6125172,156.8058
10/12/2017 10:59:00 AM,6132775,156.80
10/12/2017 10:59:00 AM,6136069,156.82
10/12/2017 11:00:00 AM,6152853,156.815
10/12/2017 11:00:00 AM,6155977,156.8015
10/12/2017 11:00:00 AM,6176054,156.834
10/12/2017 11:01:00 AM,6186120,156.845
10/12/2017 11:01:00 AM,6210075,156.87
10/12/2017 11:01:00 AM,6211947,156.89
10/12/2017 11:01:00 AM,6232774,156.8859
10/12/2017 11:02:00 AM,6251256,156.89
10/12/2017 11:02:00 AM,6259442,156.87
10/12/2017 11:02:00 AM,6263271,156.8833
10/12/2017 11:02:00 AM,6270122,156.89
10/12/2017 11:03:00 AM,6275515,156.88
10/12/2017 11:03:00 AM,6284804,156.885
10/12/2017 11:03:00 AM,6296526,156.89
10/12/2017 11:03:00 AM,6302914,156.88
10/12/2017 11:04:00 AM,6306212,156.8912
10/12/2017 11:04:00 AM,6311296,156.875
10/12/2017 11:04:00 AM,6312924,156.88
10/12/2017 11:04:00 AM,6318508,156.85
10/12/2017 11:05:00 AM,6339177,156.80
10/12/2017 11:05:00 AM,6343747,156.83
10/12/2017 11:05:00 AM,6347522,156.83
10/12/2017 11:05:00 AM,6369486,156.81
10/12/2017 11:06:00 AM,6378033,156.7687
10/12/2017 11:06:00 AM,6393122,156.76
10/12/2017 11:06:00 AM,6395519,156.7555
10/12/2017 11:06:00 AM,6407239,156.7691
10/12/2017 11:07:00 AM,6411850,156.79
10/12/2017 11:07:00 AM,6421376,156.82
10/12/2017 11:07:00 AM,6430389,156.8352
10/12/2017 11:07:00 AM,6437160,156.83
10/12/2017 11:08:00 AM,6453646,156.84
10/12/2017 11:08:00 AM,6462538,156.84
10/12/2017 11:08:00 AM,6468205,156.84
10/12/2017 11:08:00 AM,6476272,156.84
10/12/2017 11:09:00 AM,6481494,156.85
10/12/2017 11:09:00 AM,6493588,156.83
10/12/2017 11:09:00 AM,6494696,156.83
10/12/2017 11:09:00 AM,6500040,156.84
10/12/2017 11:10:00 AM,6505637,156.82
10/12/2017 11:10:00 AM,6509404,156.8164
10/12/2017 11:10:00 AM,6513907,156.8357
10/12/2017 11:10:00 AM,6516041,156.8416
10/12/2017 11:11:00 AM,6518509,156.843
10/12/2017 11:11:00 AM,6533109,156.8554
10/12/2017 11:11:00 AM,6535341,156.865
10/12/2017 11:11:00 AM,6545067,156.825
10/12/2017 11:12:00 AM,6557308,156.86
10/12/2017 11:12:00 AM,6560479,156.87
10/12/2017 11:12:00 AM,6562831,156.8748
10/12/2017 11:12:00 AM,6564201,156.8765
10/12/2017 11:13:00 AM,6570484,156.8909
10/12/2017 11:13:00 AM,6575021,156.8801
10/12/2017 11:13:00 AM,6578640,156.90
10/12/2017 11:14:00 AM,6607428,156.92
10/12/2017 11:14:00 AM,6613644,156.92
10/12/2017 11:14:00 AM,6622448,156.9277
10/12/2017 11:14:00 AM,6627251,156.92
10/12/2017 11:15:00 AM,6634479,156.92
10/12/2017 11:15:00 AM,6637113,156.92
10/12/2017 11:15:00 AM,6660902,156.87
10/12/2017 11:16:00 AM,6668769,156.8665
10/12/2017 11:16:00 AM,6676164,156.89
10/12/2017 11:16:00 AM,6676538,156.89
10/12/2017 11:16:00 AM,6688945,156.93
10/12/2017 11:17:00 AM,6696576,156.93
10/12/2017 11:17:00 AM,6708826,156.9359
10/12/2017 11:17:00 AM,6717052,156.93
10/12/2017 11:17:00 AM,6719992,156.924
10/12/2017 11:18:00 AM,6727005,156.93
10/12/2017 11:18:00 AM,6735798,156.91
10/12/2017 11:18:00 AM,6739989,156.93
10/12/2017 11:18:00 AM,6743354,156.915
10/12/2017 11:19:00 AM,6756064,156.87
10/12/2017 11:19:00 AM,6761077,156.85
10/12/2017 11:19:00 AM,6764564,156.87
10/12/2017 11:19:00 AM,6770513,156.885
10/12/2017 11:20:00 AM,6779340,156.822
10/12/2017 11:20:00 AM,6782980,156.8498
10/12/2017 11:20:00 AM,6790290,156.857
10/12/2017 11:21:00 AM,6792858,156.8642
10/12/2017 11:21:00 AM,6801103,156.8899
10/12/2017 11:21:00 AM,6803540,156.891
10/12/2017 11:21:00 AM,6810385,156.88
10/12/2017 11:22:00 AM,6811567,156.89
10/12/2017 11:22:00 AM,6814955,156.90
10/12/2017 11:22:00 AM,6821006,156.8942
10/12/2017 11:22:00 AM,6821428,156.8956
10/12/2017 11:23:00 AM,6828008,156.90
10/12/2017 11:23:00 AM,6852429,156.86
10/12/2017 11:23:00 AM,6853400,156.86
10/12/2017 11:23:00 AM,6854816,156.86
10/12/2017 11:24:00 AM,6859220,156.88
10/12/2017 11:24:00 AM,6862460,156.87
10/12/2017 11:24:00 AM,6867369,156.86
10/12/2017 11:24:00 AM,6878843,156.89
10/12/2017 11:25:00 AM,6887493,156.92
10/12/2017 11:25:00 AM,6901936,156.92
10/12/2017 11:25:00 AM,6904743,156.91
10/12/2017 11:25:00 AM,6907506,156.90
10/12/2017 11:26:00 AM,6910269,156.901
10/12/2017 11:26:00 AM,6916521,156.905
10/12/2017 11:26:00 AM,6919392,156.905
10/12/2017 11:27:00 AM,6923654,156.88
10/12/2017 11:27:00 AM,6927193,156.86
10/12/2017 11:27:00 AM,6930172,156.88
10/12/2017 11:27:00 AM,6932179,156.88
10/12/2017 11:28:00 AM,6938040,156.89
10/12/2017 11:28:00 AM,6938274,156.90
10/12/2017 11:28:00 AM,6943454,156.8944
10/12/2017 11:28:00 AM,6944113,156.8956
10/12/2017 11:29:00 AM,6945961,156.898
10/12/2017 11:29:00 AM,6949450,156.87
10/12/2017 11:29:00 AM,6951385,156.88
10/12/2017 11:29:00 AM,6955243,156.87
10/12/2017 11:30:00 AM,6962490,156.90
10/12/2017 11:30:00 AM,6969269,156.89
10/12/2017 11:30:00 AM,6971025,156.9044
10/12/2017 11:30:00 AM,6979291,156.89
10/12/2017 11:31:00 AM,6987348,156.9001
10/12/2017 11:31:00 AM,6994293,156.92
10/12/2017 11:31:00 AM,6998774,156.93
10/12/2017 11:31:00 AM,7000908,156.93
10/12/2017 11:32:00 AM,7003940,156.943
10/12/2017 11:32:00 AM,7013612,156.89
10/12/2017 11:32:00 AM,7018084,156.89
10/12/2017 11:33:00 AM,7021989,156.8999
10/12/2017 11:33:00 AM,7031014,156.86
10/12/2017 11:33:00 AM,7037086,156.8672
10/12/2017 11:33:00 AM,7038842,156.87
10/12/2017 11:34:00 AM,7041369,156.89
10/12/2017 11:34:00 AM,7044016,156.93
10/12/2017 11:34:00 AM,7053529,156.92
10/12/2017 11:34:00 AM,7055907,156.925
10/12/2017 11:35:00 AM,7062139,156.93
10/12/2017 11:35:00 AM,7066116,156.90
10/12/2017 11:35:00 AM,7067079,156.89
10/12/2017 11:35:00 AM,7073178,156.8756
10/12/2017 11:36:00 AM,7076040,156.89
10/12/2017 11:36:00 AM,7079446,156.91
10/12/2017 11:36:00 AM,7084617,156.89
10/12/2017 11:36:00 AM,7096653,156.91
10/12/2017 11:37:00 AM,7103610,156.9272
10/12/2017 11:37:00 AM,7106511,156.9011
10/12/2017 11:37:00 AM,7107432,156.90
10/12/2017 11:37:00 AM,7110596,156.89
10/12/2017 11:38:00 AM,7119226,156.84
10/12/2017 11:38:00 AM,7122872,156.86
10/12/2017 11:38:00 AM,7127141,156.85
10/12/2017 11:38:00 AM,7136705,156.83
10/12/2017 11:39:00 AM,7145946,156.84
10/12/2017 11:39:00 AM,7147108,156.845
10/12/2017 11:39:00 AM,7160905,156.83
10/12/2017 11:39:00 AM,7173633,156.81
10/12/2017 11:40:00 AM,7187203,156.8425
10/12/2017 11:40:00 AM,7194641,156.86
10/12/2017 11:40:00 AM,7201988,156.869
10/12/2017 11:41:00 AM,7204992,156.86
10/12/2017 11:41:00 AM,7211089,156.91
10/12/2017 11:41:00 AM,7218155,156.9078
10/12/2017 11:41:00 AM,7224014,156.91
10/12/2017 11:41:00 AM,7226479,156.91
10/12/2017 11:42:00 AM,7229796,156.8942
10/12/2017 11:42:00 AM,7237545,156.89
10/12/2017 11:42:00 AM,7244342,156.905
10/12/2017 11:43:00 AM,7246126,156.90
10/12/2017 11:43:00 AM,7248093,156.88
10/12/2017 11:43:00 AM,7250083,156.85
10/12/2017 11:43:00 AM,7253690,156.8784
10/12/2017 11:44:00 AM,7256327,156.88
10/12/2017 11:44:00 AM,7259919,156.89
10/12/2017 11:44:00 AM,7262178,156.895
10/12/2017 11:44:00 AM,7262787,156.90
10/12/2017 11:45:00 AM,7271897,156.91
10/12/2017 11:45:00 AM,7272815,156.90
10/12/2017 11:45:00 AM,7278405,156.89
10/12/2017 11:45:00 AM,7279548,156.89
10/12/2017 11:46:00 AM,7284792,156.89
10/12/2017 11:46:00 AM,7286263,156.89
10/12/2017 11:46:00 AM,7290050,156.895
10/12/2017 11:46:00 AM,7304615,156.86
10/12/2017 11:47:00 AM,7305361,156.85
10/12/2017 11:47:00 AM,7308398,156.852
10/12/2017 11:47:00 AM,7314991,156.82
10/12/2017 11:47:00 AM,7316736,156.81
10/12/2017 11:48:00 AM,7321974,156.83
10/12/2017 11:48:00 AM,7326718,156.85
10/12/2017 11:48:00 AM,7328828,156.85
10/12/2017 11:48:00 AM,7328957,156.86
10/12/2017 11:49:00 AM,7335070,156.87
10/12/2017 11:49:00 AM,7339442,156.8998
10/12/2017 11:49:00 AM,7349215,156.9099
10/12/2017 11:49:00 AM,7351853,156.89
10/12/2017 11:50:00 AM,7354283,156.89
10/12/2017 11:50:00 AM,7357893,156.90
10/12/2017 11:50:00 AM,7358626,156.895
10/12/2017 11:50:00 AM,7361150,156.885
10/12/2017 11:51:00 AM,7362341,156.885
10/12/2017 11:51:00 AM,7371352,156.90
10/12/2017 11:51:00 AM,7372756,156.9075
10/12/2017 11:51:00 AM,7381851,156.8979
10/12/2017 11:52:00 AM,7386762,156.865
10/12/2017 11:52:00 AM,7387900,156.865
10/12/2017 11:52:00 AM,7403025,156.92
10/12/2017 11:53:00 AM,7410948,156.875
10/12/2017 11:53:00 AM,7414889,156.8835
10/12/2017 11:53:00 AM,7416305,156.88
10/12/2017 11:53:00 AM,7416609,156.88
10/12/2017 11:54:00 AM,7420366,156.875
10/12/2017 11:54:00 AM,7421623,156.876
10/12/2017 11:54:00 AM,7422738,156.88
10/12/2017 11:54:00 AM,7426834,156.90
10/12/2017 11:55:00 AM,7432803,156.90
10/12/2017 11:55:00 AM,7435881,156.90
10/12/2017 11:55:00 AM,7442616,156.87
10/12/2017 11:55:00 AM,7455881,156.869
10/12/2017 11:56:00 AM,7456390,156.86
10/12/2017 11:56:00 AM,7466069,156.86
10/12/2017 11:56:00 AM,7467241,156.86
10/12/2017 11:57:00 AM,7468334,156.88
10/12/2017 11:57:00 AM,7471004,156.8758
10/12/2017 11:57:00 AM,7472949,156.8774
10/12/2017 11:57:00 AM,7473889,156.87
10/12/2017 11:58:00 AM,7475177,156.8701
10/12/2017 11:58:00 AM,7484891,156.875
10/12/2017 11:58:00 AM,7485564,156.88
10/12/2017 11:58:00 AM,7494742,156.88
10/12/2017 11:59:00 AM,7500921,156.88
10/12/2017 11:59:00 AM,7511891,156.90
10/12/2017 11:59:00 AM,7514784,156.90
10/12/2017 11:59:00 AM,7524948,156.8954
10/12/2017 12:00:00 PM,7525499,156.90
10/12/2017 12:00:00 PM,7526062,156.914
10/12/2017 12:00:00 PM,7563917,156.895
10/12/2017 12:00:00 PM,7567528,156.917
10/12/2017 12:01:00 PM,7568688,156.91
10/12/2017 12:01:00 PM,7582247,156.925
10/12/2017 12:01:00 PM,7583268,156.93
10/12/2017 12:01:00 PM,7587981,156.9399
10/12/2017 12:02:00 PM,7593756,156.93
10/12/2017 12:02:00 PM,7596360,156.92
10/12/2017 12:02:00 PM,7598373,156.94
10/12/2017 12:02:00 PM,7614000,156.95
10/12/2017 12:03:00 PM,7620713,156.9442
10/12/2017 12:03:00 PM,7623853,156.9599
10/12/2017 12:03:00 PM,7635973,156.9593
10/12/2017 12:03:00 PM,7644626,156.945
10/12/2017 12:04:00 PM,7645803,156.95
10/12/2017 12:04:00 PM,7666201,156.97
10/12/2017 12:04:00 PM,7690334,156.9834
10/12/2017 12:04:00 PM,7697489,156.99
10/12/2017 12:05:00 PM,7707238,156.99
10/12/2017 12:05:00 PM,7723759,156.97
10/12/2017 12:05:00 PM,7762690,157.02
10/12/2017 12:06:00 PM,7772865,157.0344
10/12/2017 12:06:00 PM,7778049,157.03
10/12/2017 12:06:00 PM,7803673,157.0566
10/12/2017 12:06:00 PM,7815874,157.07
10/12/2017 12:07:00 PM,7830911,157.08
10/12/2017 12:07:00 PM,7841274,157.0893
10/12/2017 12:07:00 PM,7852783,157.13
10/12/2017 12:07:00 PM,7869047,157.13
10/12/2017 12:08:00 PM,7879112,157.14
10/12/2017 12:08:00 PM,7888828,157.1296
10/12/2017 12:08:00 PM,7901969,157.0963
10/12/2017 12:08:00 PM,7903549,157.0901
10/12/2017 12:09:00 PM,7920656,157.09
10/12/2017 12:09:00 PM,7929788,157.12
10/12/2017 12:09:00 PM,7935594,157.125
10/12/2017 12:09:00 PM,7944425,157.1101
10/12/2017 12:10:00 PM,7956475,157.13
10/12/2017 12:10:00 PM,7966142,157.0934
10/12/2017 12:10:00 PM,7980999,157.08
10/12/2017 12:10:00 PM,7990767,157.0701
10/12/2017 12:11:00 PM,7992444,157.0801
10/12/2017 12:11:00 PM,7994256,157.10
10/12/2017 12:11:00 PM,7998204,157.09
10/12/2017 12:11:00 PM,8000014,157.08
10/12/2017 12:12:00 PM,8005097,157.075
10/12/2017 12:12:00 PM,8010271,157.08
10/12/2017 12:12:00 PM,8012993,157.0828
10/12/2017 12:12:00 PM,8023846,157.085
10/12/2017 12:13:00 PM,8032357,157.10
10/12/2017 12:13:00 PM,8035462,157.1037
10/12/2017 12:13:00 PM,8049607,157.12
10/12/2017 12:13:00 PM,8052342,157.07
10/12/2017 12:14:00 PM,8055117,157.0664
10/12/2017 12:14:00 PM,8063207,157.09
10/12/2017 12:14:00 PM,8067324,157.0724
10/12/2017 12:15:00 PM,8069731,157.06
10/12/2017 12:15:00 PM,8070612,157.06
10/12/2017 12:15:00 PM,8072829,157.0549
10/12/2017 12:15:00 PM,8078550,157.0558
10/12/2017 12:16:00 PM,8088217,157.0656
10/12/2017 12:16:00 PM,8098150,157.02
10/12/2017 12:16:00 PM,8102019,157.02
10/12/2017 12:16:00 PM,8104368,157.01
10/12/2017 12:17:00 PM,8108178,157.02
10/12/2017 12:17:00 PM,8108986,157.03
10/12/2017 12:17:00 PM,8116037,157.02
10/12/2017 12:17:00 PM,8128897,156.98
10/12/2017 12:18:00 PM,8138076,157.00
10/12/2017 12:18:00 PM,8140982,157.00
10/12/2017 12:18:00 PM,8152625,156.94
10/12/2017 12:18:00 PM,8168763,156.97
10/12/2017 12:19:00 PM,8173996,156.95
10/12/2017 12:19:00 PM,8176456,156.96
10/12/2017 12:19:00 PM,8181342,156.9644
10/12/2017 12:19:00 PM,8186889,156.9601
10/12/2017 12:20:00 PM,8195131,156.96
10/12/2017 12:20:00 PM,8210732,156.94
10/12/2017 12:20:00 PM,8216653,156.9415
10/12/2017 12:20:00 PM,8227314,156.93
10/12/2017 12:21:00 PM,8237987,156.9335
10/12/2017 12:21:00 PM,8239662,156.95
10/12/2017 12:21:00 PM,8242994,156.96
10/12/2017 12:21:00 PM,8247082,156.97
10/12/2017 12:22:00 PM,8252386,156.97
10/12/2017 12:22:00 PM,8256049,156.99
10/12/2017 12:22:00 PM,8257932,156.99
10/12/2017 12:22:00 PM,8258233,156.9944
10/12/2017 12:23:00 PM,8271018,157.015
10/12/2017 12:23:00 PM,8278722,157.02
10/12/2017 12:23:00 PM,8292904,157.02
10/12/2017 12:23:00 PM,8307439,157.05
10/12/2017 12:24:00 PM,8318586,157.03
10/12/2017 12:24:00 PM,8327925,157.01
10/12/2017 12:24:00 PM,8329463,157.015
10/12/2017 12:24:00 PM,8330568,157.02
10/12/2017 12:25:00 PM,8332581,157.01
10/12/2017 12:25:00 PM,8335001,157.015
10/12/2017 12:25:00 PM,8336999,157.02
10/12/2017 12:25:00 PM,8338742,157.02
10/12/2017 12:26:00 PM,8340904,157.03
10/12/2017 12:26:00 PM,8342002,157.0212
10/12/2017 12:26:00 PM,8354709,157.0446
10/12/2017 12:27:00 PM,8358741,157.03
10/12/2017 12:27:00 PM,8359282,157.0336
10/12/2017 12:27:00 PM,8362209,157.0425
10/12/2017 12:27:00 PM,8363830,157.05
10/12/2017 12:28:00 PM,8366896,157.06
10/12/2017 12:28:00 PM,8370930,157.08
10/12/2017 12:28:00 PM,8371678,157.08
10/12/2017 12:28:00 PM,8378780,157.0634
10/12/2017 12:29:00 PM,8381557,157.075
10/12/2017 12:29:00 PM,8382461,157.075
10/12/2017 12:29:00 PM,8383659,157.071
10/12/2017 12:29:00 PM,8391614,157.07
10/12/2017 12:30:00 PM,8406483,157.00
10/12/2017 12:30:00 PM,8427124,156.97
10/12/2017 12:30:00 PM,8430785,156.9639
10/12/2017 12:30:00 PM,8433462,156.98
10/12/2017 12:31:00 PM,8440072,156.96
10/12/2017 12:31:00 PM,8451068,156.965
10/12/2017 12:31:00 PM,8461492,156.98
10/12/2017 12:31:00 PM,8468776,157.01
10/12/2017 12:32:00 PM,8474018,157.00
10/12/2017 12:32:00 PM,8485830,156.98
10/12/2017 12:32:00 PM,8490151,156.99
10/12/2017 12:32:00 PM,8494646,157.01
10/12/2017 12:33:00 PM,8500859,156.98
10/12/2017 12:33:00 PM,8503866,156.985
10/12/2017 12:33:00 PM,8512252,156.96
10/12/2017 12:33:00 PM,8514915,156.989
10/12/2017 12:34:00 PM,8519187,156.99
10/12/2017 12:34:00 PM,8519686,156.98
10/12/2017 12:34:00 PM,8524005,157.0041
10/12/2017 12:34:00 PM,8526355,157.02
10/12/2017 12:35:00 PM,8533700,157.0099
10/12/2017 12:35:00 PM,8539170,157.02
10/12/2017 12:35:00 PM,8546861,157.00
10/12/2017 12:35:00 PM,8551928,156.9781
10/12/2017 12:36:00 PM,8555388,156.9989
10/12/2017 12:36:00 PM,8557855,157.0144
10/12/2017 12:36:00 PM,8566373,156.99
10/12/2017 12:36:00 PM,8567450,156.99
10/12/2017 12:37:00 PM,8570463,157.00
10/12/2017 12:37:00 PM,8583961,156.98
10/12/2017 12:37:00 PM,8589547,156.99
10/12/2017 12:37:00 PM,8595395,156.98
10/12/2017 12:38:00 PM,8604421,157.01
10/12/2017 12:38:00 PM,8611653,156.95
10/12/2017 12:38:00 PM,8620827,156.91
10/12/2017 12:39:00 PM,8625461,156.9258
10/12/2017 12:39:00 PM,8634465,156.9101
10/12/2017 12:39:00 PM,8653475,156.88
10/12/2017 12:39:00 PM,8657616,156.89
10/12/2017 12:40:00 PM,8661518,156.88
10/12/2017 12:40:00 PM,8662209,156.8899
10/12/2017 12:40:00 PM,8663029,156.881
10/12/2017 12:40:00 PM,8664966,156.89
10/12/2017 12:41:00 PM,8683514,156.89
10/12/2017 12:41:00 PM,8685789,156.89
10/12/2017 12:41:00 PM,8686877,156.90
10/12/2017 12:41:00 PM,8689934,156.89
10/12/2017 12:42:00 PM,8691035,156.8977
10/12/2017 12:42:00 PM,8692926,156.9044
10/12/2017 12:42:00 PM,8701278,156.92
10/12/2017 12:42:00 PM,8703103,156.94
10/12/2017 12:43:00 PM,8705195,156.9365
10/12/2017 12:43:00 PM,8705715,156.94
10/12/2017 12:43:00 PM,8708174,156.93
10/12/2017 12:43:00 PM,8710413,156.91
10/12/2017 12:44:00 PM,8717459,156.925
10/12/2017 12:44:00 PM,8718279,156.92
10/12/2017 12:44:00 PM,8720702,156.901
10/12/2017 12:44:00 PM,8721487,156.90
10/12/2017 12:45:00 PM,8722114,156.9044
10/12/2017 12:45:00 PM,8723415,156.91
10/12/2017 12:45:00 PM,8723467,156.91
10/12/2017 12:45:00 PM,8725535,156.915
10/12/2017 12:46:00 PM,8726604,156.91
10/12/2017 12:46:00 PM,8730905,156.8956
10/12/2017 12:46:00 PM,8736435,156.875
10/12/2017 12:46:00 PM,8738272,156.88
10/12/2017 12:47:00 PM,8741532,156.865
10/12/2017 12:47:00 PM,8744145,156.85
10/12/2017 12:47:00 PM,8748385,156.87
10/12/2017 12:47:00 PM,8749710,156.87
10/12/2017 12:47:00 PM,8750129,156.87
10/12/2017 12:48:00 PM,8762120,156.81
10/12/2017 12:48:00 PM,8767552,156.85
10/12/2017 12:48:00 PM,8770536,156.83
10/12/2017 12:49:00 PM,8781630,156.8207
10/12/2017 12:49:00 PM,8787197,156.81
10/12/2017 12:49:00 PM,8789964,156.8165
10/12/2017 12:49:00 PM,8792911,156.81
10/12/2017 12:50:00 PM,8796747,156.82
10/12/2017 12:50:00 PM,8799886,156.827
10/12/2017 12:50:00 PM,8802163,156.8392
10/12/2017 12:50:00 PM,8806452,156.87
10/12/2017 12:51:00 PM,8811840,156.85
10/12/2017 12:51:00 PM,8815753,156.86
10/12/2017 12:51:00 PM,8817253,156.84
10/12/2017 12:52:00 PM,8821843,156.826
10/12/2017 12:52:00 PM,8824495,156.83
10/12/2017 12:52:00 PM,8826500,156.83
10/12/2017 12:52:00 PM,8829764,156.84
10/12/2017 12:53:00 PM,8837273,156.8638
10/12/2017 12:53:00 PM,8843350,156.87
10/12/2017 12:53:00 PM,8845748,156.85
10/12/2017 12:53:00 PM,8848558,156.84
10/12/2017 12:54:00 PM,8851589,156.83
10/12/2017 12:54:00 PM,8853297,156.81
10/12/2017 12:54:00 PM,8865203,156.80
10/12/2017 12:54:00 PM,8866119,156.80
10/12/2017 12:55:00 PM,8869772,156.8085
10/12/2017 12:55:00 PM,8878293,156.8244
10/12/2017 12:55:00 PM,8883881,156.84
10/12/2017 12:55:00 PM,8892570,156.84
10/12/2017 12:56:00 PM,8894176,156.8301
10/12/2017 12:56:00 PM,8895664,156.85
10/12/2017 12:56:00 PM,8898813,156.83
10/12/2017 12:56:00 PM,8901773,156.85
10/12/2017 12:57:00 PM,8902262,156.84
10/12/2017 12:57:00 PM,8905017,156.83
10/12/2017 12:57:00 PM,8907035,156.855
10/12/2017 12:57:00 PM,8909242,156.83
10/12/2017 12:58:00 PM,8913852,156.82
10/12/2017 12:58:00 PM,8919221,156.8368
10/12/2017 12:58:00 PM,8925834,156.83
10/12/2017 12:58:00 PM,8928937,156.81
10/12/2017 12:59:00 PM,8943907,156.80
10/12/2017 12:59:00 PM,8960196,156.79
10/12/2017 12:59:00 PM,8963477,156.765
10/12/2017 12:59:00 PM,8971074,156.77
10/12/2017 1:00:00 PM,8974693,156.77
10/12/2017 1:00:00 PM,8991618,156.79
10/12/2017 1:00:00 PM,9009033,156.7474
10/12/2017 1:00:00 PM,9013604,156.755
10/12/2017 1:01:00 PM,9015186,156.75
10/12/2017 1:01:00 PM,9018124,156.77
10/12/2017 1:01:00 PM,9019632,156.76
10/12/2017 1:01:00 PM,9020680,156.7789
10/12/2017 1:02:00 PM,9022042,156.77
10/12/2017 1:02:00 PM,9027627,156.78
10/12/2017 1:02:00 PM,9033889,156.76
10/12/2017 1:02:00 PM,9050596,156.745
10/12/2017 1:03:00 PM,9052223,156.7501
10/12/2017 1:03:00 PM,9055434,156.7501
10/12/2017 1:03:00 PM,9066966,156.74
10/12/2017 1:03:00 PM,9071253,156.71
10/12/2017 1:04:00 PM,9081793,156.7255
10/12/2017 1:04:00 PM,9087479,156.72
10/12/2017 1:04:00 PM,9090217,156.7349
10/12/2017 1:04:00 PM,9094098,156.715
10/12/2017 1:05:00 PM,9097878,156.735
10/12/2017 1:05:00 PM,9099643,156.74
10/12/2017 1:05:00 PM,9102039,156.75
10/12/2017 1:05:00 PM,9103141,156.77
10/12/2017 1:06:00 PM,9107129,156.77
10/12/2017 1:06:00 PM,9112184,156.80
10/12/2017 1:06:00 PM,9115360,156.81
10/12/2017 1:07:00 PM,9120222,156.81
10/12/2017 1:07:00 PM,9128557,156.81
10/12/2017 1:07:00 PM,9132391,156.79
10/12/2017 1:07:00 PM,9139451,156.82
10/12/2017 1:07:00 PM,9144374,156.82
10/12/2017 1:08:00 PM,9145771,156.805
10/12/2017 1:08:00 PM,9146631,156.81
10/12/2017 1:08:00 PM,9148914,156.79
10/12/2017 1:09:00 PM,9153767,156.82
10/12/2017 1:09:00 PM,9156160,156.7841
10/12/2017 1:09:00 PM,9160797,156.81
10/12/2017 1:09:00 PM,9162047,156.81
10/12/2017 1:10:00 PM,9166000,156.80
10/12/2017 1:10:00 PM,9168180,156.806
10/12/2017 1:10:00 PM,9170273,156.795
10/12/2017 1:10:00 PM,9171357,156.80
10/12/2017 1:11:00 PM,9176678,156.79
10/12/2017 1:11:00 PM,9183536,156.78
10/12/2017 1:11:00 PM,9183957,156.786
10/12/2017 1:11:00 PM,9187744,156.78
10/12/2017 1:12:00 PM,9190268,156.8049
10/12/2017 1:12:00 PM,9199151,156.80
10/12/2017 1:12:00 PM,9200198,156.83
10/12/2017 1:12:00 PM,9201488,156.83
10/12/2017 1:13:00 PM,9203296,156.80
10/12/2017 1:13:00 PM,9210762,156.814
10/12/2017 1:13:00 PM,9211770,156.82
10/12/2017 1:13:00 PM,9212918,156.8355
10/12/2017 1:14:00 PM,9213277,156.83
10/12/2017 1:14:00 PM,9215498,156.8243
10/12/2017 1:14:00 PM,9217876,156.82
10/12/2017 1:14:00 PM,9218443,156.81
10/12/2017 1:15:00 PM,9220463,156.83
10/12/2017 1:15:00 PM,9222121,156.82
10/12/2017 1:15:00 PM,9222637,156.83
10/12/2017 1:15:00 PM,9223752,156.83
10/12/2017 1:16:00 PM,9227031,156.84
10/12/2017 1:16:00 PM,9230943,156.84
10/12/2017 1:16:00 PM,9234621,156.839
10/12/2017 1:16:00 PM,9238712,156.83
10/12/2017 1:17:00 PM,9239978,156.84
10/12/2017 1:17:00 PM,9243561,156.84
10/12/2017 1:17:00 PM,9243923,156.84
10/12/2017 1:17:00 PM,9249512,156.845
10/12/2017 1:18:00 PM,9254307,156.8399
10/12/2017 1:18:00 PM,9256137,156.84
10/12/2017 1:18:00 PM,9258170,156.8331
10/12/2017 1:18:00 PM,9260126,156.8269
10/12/2017 1:19:00 PM,9260919,156.83
10/12/2017 1:19:00 PM,9265228,156.84
10/12/2017 1:19:00 PM,9265990,156.83
10/12/2017 1:19:00 PM,9269246,156.83
10/12/2017 1:20:00 PM,9269921,156.83
10/12/2017 1:20:00 PM,9273610,156.86
10/12/2017 1:20:00 PM,9274762,156.86
10/12/2017 1:20:00 PM,9276120,156.86
10/12/2017 1:21:00 PM,9278645,156.86
10/12/2017 1:21:00 PM,9282069,156.87
10/12/2017 1:21:00 PM,9283015,156.87
10/12/2017 1:22:00 PM,9295932,156.875
10/12/2017 1:22:00 PM,9304619,156.8745
10/12/2017 1:22:00 PM,9306550,156.88
10/12/2017 1:22:00 PM,9309210,156.86
10/12/2017 1:22:00 PM,9309901,156.8699
10/12/2017 1:23:00 PM,9312224,156.88
10/12/2017 1:23:00 PM,9314097,156.875
10/12/2017 1:23:00 PM,9314736,156.88
10/12/2017 1:24:00 PM,9317192,156.88
10/12/2017 1:24:00 PM,9321984,156.89
10/12/2017 1:24:00 PM,9324090,156.90
10/12/2017 1:24:00 PM,9325845,156.8947
10/12/2017 1:25:00 PM,9332898,156.91
10/12/2017 1:25:00 PM,9337150,156.9042
10/12/2017 1:25:00 PM,9345213,156.94
10/12/2017 1:25:00 PM,9349490,156.94
10/12/2017 1:26:00 PM,9356281,156.95
10/12/2017 1:26:00 PM,9358213,156.944
10/12/2017 1:26:00 PM,9360415,156.94
10/12/2017 1:26:00 PM,9362962,156.93
10/12/2017 1:27:00 PM,9365495,156.92
10/12/2017 1:27:00 PM,9368400,156.907
10/12/2017 1:27:00 PM,9372183,156.91
10/12/2017 1:27:00 PM,9375206,156.92
10/12/2017 1:28:00 PM,9377493,156.92
10/12/2017 1:28:00 PM,9383826,156.90
10/12/2017 1:28:00 PM,9385166,156.90
10/12/2017 1:28:00 PM,9387369,156.92
10/12/2017 1:29:00 PM,9393733,156.94
10/12/2017 1:29:00 PM,9395552,156.9353
10/12/2017 1:29:00 PM,9401343,156.92
10/12/2017 1:29:00 PM,9402968,156.94
10/12/2017 1:30:00 PM,9406160,156.939
10/12/2017 1:30:00 PM,9411931,156.9599
10/12/2017 1:30:00 PM,9414452,156.9612
10/12/2017 1:30:00 PM,9417293,156.9711
10/12/2017 1:31:00 PM,9426056,156.98
10/12/2017 1:31:00 PM,9426369,156.97
10/12/2017 1:31:00 PM,9429570,156.96
10/12/2017 1:31:00 PM,9432211,156.95
10/12/2017 1:32:00 PM,9435144,156.96
10/12/2017 1:32:00 PM,9437391,156.96
10/12/2017 1:32:00 PM,9438803,156.96
10/12/2017 1:33:00 PM,9452290,156.91
10/12/2017 1:33:00 PM,9457271,156.91
10/12/2017 1:33:00 PM,9460657,156.92
10/12/2017 1:33:00 PM,9463697,156.91
10/12/2017 1:34:00 PM,9465424,156.91
10/12/2017 1:34:00 PM,9468123,156.91
10/12/2017 1:34:00 PM,9469825,156.91
10/12/2017 1:34:00 PM,9470873,156.92
10/12/2017 1:35:00 PM,9476389,156.92
10/12/2017 1:35:00 PM,9477543,156.93
10/12/2017 1:35:00 PM,9501468,156.90
10/12/2017 1:35:00 PM,9508213,156.90
10/12/2017 1:36:00 PM,9512533,156.9099
10/12/2017 1:36:00 PM,9513126,156.9049
10/12/2017 1:36:00 PM,9520892,156.90
10/12/2017 1:36:00 PM,9523957,156.89
10/12/2017 1:37:00 PM,9525338,156.8868
10/12/2017 1:37:00 PM,9530564,156.90
10/12/2017 1:37:00 PM,9532849,156.91
10/12/2017 1:37:00 PM,9540001,156.90
10/12/2017 1:38:00 PM,9561607,156.915
10/12/2017 1:38:00 PM,9563195,156.8943
10/12/2017 1:38:00 PM,9565778,156.90
10/12/2017 1:38:00 PM,9573361,156.914
10/12/2017 1:39:00 PM,9576972,156.9256
10/12/2017 1:39:00 PM,9578425,156.91
10/12/2017 1:39:00 PM,9581034,156.90
10/12/2017 1:39:00 PM,9586483,156.87
10/12/2017 1:40:00 PM,9593597,156.85
10/12/2017 1:40:00 PM,9597642,156.84
10/12/2017 1:40:00 PM,9600032,156.8399
10/12/2017 1:40:00 PM,9601425,156.85
10/12/2017 1:41:00 PM,9604681,156.85
10/12/2017 1:41:00 PM,9609639,156.85
10/12/2017 1:41:00 PM,9611845,156.84
10/12/2017 1:42:00 PM,9628121,156.87
10/12/2017 1:42:00 PM,9629714,156.865
10/12/2017 1:42:00 PM,9631225,156.86
10/12/2017 1:42:00 PM,9632713,156.8799
10/12/2017 1:42:00 PM,9633179,156.8766
10/12/2017 1:43:00 PM,9639172,156.83
10/12/2017 1:43:00 PM,9642101,156.83
10/12/2017 1:43:00 PM,9642654,156.83
10/12/2017 1:44:00 PM,9645592,156.81
10/12/2017 1:44:00 PM,9651888,156.82
10/12/2017 1:44:00 PM,9652996,156.82
10/12/2017 1:44:00 PM,9655417,156.81
10/12/2017 1:45:00 PM,9661384,156.79
10/12/2017 1:45:00 PM,9663807,156.795
10/12/2017 1:45:00 PM,9666015,156.8125
10/12/2017 1:45:00 PM,9668104,156.81
10/12/2017 1:45:00 PM,9671103,156.79
10/12/2017 1:46:00 PM,9676006,156.78
10/12/2017 1:46:00 PM,9679659,156.78
10/12/2017 1:46:00 PM,9682372,156.777
10/12/2017 1:47:00 PM,9682969,156.77
10/12/2017 1:47:00 PM,9686261,156.76
10/12/2017 1:47:00 PM,9694261,156.77
10/12/2017 1:47:00 PM,9699071,156.77
10/12/2017 1:48:00 PM,9700617,156.7543
10/12/2017 1:48:00 PM,9706819,156.755
10/12/2017 1:48:00 PM,9708599,156.77
10/12/2017 1:48:00 PM,9712017,156.77
10/12/2017 1:49:00 PM,9717886,156.77
10/12/2017 1:49:00 PM,9718608,156.7632
10/12/2017 1:49:00 PM,9722512,156.7647
10/12/2017 1:49:00 PM,9724145,156.76
10/12/2017 1:50:00 PM,9727881,156.765
10/12/2017 1:50:00 PM,9731325,156.773
10/12/2017 1:50:00 PM,9733581,156.77
10/12/2017 1:51:00 PM,9736542,156.76
10/12/2017 1:51:00 PM,9752847,156.735
10/12/2017 1:51:00 PM,9756113,156.74
10/12/2017 1:51:00 PM,9760305,156.7554
10/12/2017 1:52:00 PM,9762647,156.754
10/12/2017 1:52:00 PM,9762978,156.76
10/12/2017 1:52:00 PM,9766285,156.75
10/12/2017 1:52:00 PM,9768038,156.751
10/12/2017 1:53:00 PM,9771543,156.76
10/12/2017 1:53:00 PM,9784969,156.78
10/12/2017 1:53:00 PM,9788213,156.76
10/12/2017 1:53:00 PM,9808946,156.79
10/12/2017 1:54:00 PM,9822281,156.7745
10/12/2017 1:54:00 PM,9822951,156.776
10/12/2017 1:54:00 PM,9826016,156.77
10/12/2017 1:54:00 PM,9827508,156.765
10/12/2017 1:55:00 PM,9828790,156.75
10/12/2017 1:55:00 PM,9832604,156.7687
10/12/2017 1:55:00 PM,9841689,156.78
10/12/2017 1:55:00 PM,9845299,156.79
10/12/2017 1:56:00 PM,9845877,156.789
10/12/2017 1:56:00 PM,9850083,156.7945
10/12/2017 1:56:00 PM,9857303,156.77
10/12/2017 1:56:00 PM,9862132,156.7688
10/12/2017 1:57:00 PM,9863548,156.77
10/12/2017 1:57:00 PM,9864082,156.78
10/12/2017 1:57:00 PM,9867741,156.7925
10/12/2017 1:57:00 PM,9871321,156.79
10/12/2017 1:58:00 PM,9876088,156.7854
10/12/2017 1:58:00 PM,9876558,156.789
10/12/2017 1:58:00 PM,9878720,156.79
10/12/2017 1:58:00 PM,9881705,156.79
10/12/2017 1:59:00 PM,9886381,156.7868
10/12/2017 1:59:00 PM,9886877,156.7854
10/12/2017 1:59:00 PM,9889560,156.785
10/12/2017 1:59:00 PM,9891389,156.78
10/12/2017 2:00:00 PM,9896819,156.7799
10/12/2017 2:00:00 PM,9903119,156.76
10/12/2017 2:00:00 PM,9905605,156.78
10/12/2017 2:00:00 PM,9908322,156.7875
10/12/2017 2:01:00 PM,9910610,156.78
10/12/2017 2:01:00 PM,9914693,156.79
10/12/2017 2:01:00 PM,9945718,156.73
10/12/2017 2:01:00 PM,9948021,156.76
10/12/2017 2:02:00 PM,9953928,156.7547
10/12/2017 2:02:00 PM,9956052,156.75
10/12/2017 2:02:00 PM,9961023,156.73
10/12/2017 2:03:00 PM,9971019,156.73
10/12/2017 2:03:00 PM,9973207,156.74
10/12/2017 2:03:00 PM,9977299,156.75
10/12/2017 2:03:00 PM,9978397,156.7401
10/12/2017 2:04:00 PM,9987559,156.75
10/12/2017 2:04:00 PM,9989085,156.7501
10/12/2017 2:04:00 PM,9992252,156.74
10/12/2017 2:04:00 PM,9993768,156.74
10/12/2017 2:05:00 PM,9994362,156.7499
10/12/2017 2:05:00 PM,9997895,156.76
10/12/2017 2:05:00 PM,10000183,156.7645
10/12/2017 2:05:00 PM,10005327,156.75
10/12/2017 2:06:00 PM,10011881,156.75
10/12/2017 2:06:00 PM,10025475,156.75
10/12/2017 2:06:00 PM,10029582,156.755
10/12/2017 2:06:00 PM,10032364,156.76
10/12/2017 2:07:00 PM,10034175,156.77
10/12/2017 2:07:00 PM,10036236,156.77
10/12/2017 2:07:00 PM,10038957,156.765
10/12/2017 2:07:00 PM,10051415,156.75
10/12/2017 2:08:00 PM,10053296,156.76
10/12/2017 2:08:00 PM,10054804,156.765
10/12/2017 2:08:00 PM,10059083,156.75
10/12/2017 2:08:00 PM,10064230,156.74
10/12/2017 2:09:00 PM,10072904,156.72
10/12/2017 2:09:00 PM,10074434,156.725
10/12/2017 2:09:00 PM,10076014,156.72
10/12/2017 2:09:00 PM,10087692,156.70
10/12/2017 2:10:00 PM,10090980,156.71
10/12/2017 2:10:00 PM,10096402,156.705
10/12/2017 2:10:00 PM,10098177,156.7057
10/12/2017 2:10:00 PM,10098934,156.70
10/12/2017 2:11:00 PM,10113259,156.66
10/12/2017 2:11:00 PM,10119146,156.65
10/12/2017 2:11:00 PM,10124390,156.67
10/12/2017 2:11:00 PM,10128601,156.67
10/12/2017 2:12:00 PM,10131966,156.69
10/12/2017 2:12:00 PM,10133036,156.69
10/12/2017 2:12:00 PM,10134747,156.71
10/12/2017 2:12:00 PM,10144648,156.725
10/12/2017 2:13:00 PM,10152160,156.74
10/12/2017 2:13:00 PM,10155119,156.72
10/12/2017 2:13:00 PM,10159691,156.72
10/12/2017 2:13:00 PM,10162182,156.71
10/12/2017 2:14:00 PM,10169682,156.70
10/12/2017 2:14:00 PM,10170474,156.704
10/12/2017 2:14:00 PM,10173004,156.7043
10/12/2017 2:15:00 PM,10177062,156.71
10/12/2017 2:15:00 PM,10178812,156.70
10/12/2017 2:15:00 PM,10183027,156.71
10/12/2017 2:15:00 PM,10185624,156.70
10/12/2017 2:16:00 PM,10187661,156.70
10/12/2017 2:16:00 PM,10191134,156.70
10/12/2017 2:16:00 PM,10191593,156.69
10/12/2017 2:16:00 PM,10198921,156.71
10/12/2017 2:17:00 PM,10202532,156.72
10/12/2017 2:17:00 PM,10204909,156.7088
10/12/2017 2:17:00 PM,10210419,156.69
10/12/2017 2:17:00 PM,10214173,156.67
10/12/2017 2:18:00 PM,10218011,156.675
10/12/2017 2:18:00 PM,10222565,156.6545
10/12/2017 2:18:00 PM,10225879,156.6799
10/12/2017 2:18:00 PM,10229109,156.6501
10/12/2017 2:19:00 PM,10232474,156.67
10/12/2017 2:19:00 PM,10236171,156.675
10/12/2017 2:19:00 PM,10238587,156.6599
10/12/2017 2:19:00 PM,10247466,156.665
10/12/2017 2:20:00 PM,10250814,156.67
10/12/2017 2:20:00 PM,10253102,156.67
10/12/2017 2:20:00 PM,10258115,156.65
10/12/2017 2:20:00 PM,10259508,156.6699
10/12/2017 2:21:00 PM,10262711,156.69
10/12/2017 2:21:00 PM,10265873,156.69
10/12/2017 2:21:00 PM,10288067,156.69
10/12/2017 2:21:00 PM,10289645,156.68
10/12/2017 2:22:00 PM,10294262,156.6801
10/12/2017 2:22:00 PM,10309258,156.6825
10/12/2017 2:22:00 PM,10313434,156.69
10/12/2017 2:22:00 PM,10317423,156.69
10/12/2017 2:23:00 PM,10318758,156.68
10/12/2017 2:23:00 PM,10321599,156.68
10/12/2017 2:23:00 PM,10324309,156.69
10/12/2017 2:23:00 PM,10330040,156.6649
10/12/2017 2:24:00 PM,10335619,156.66
10/12/2017 2:24:00 PM,10335919,156.66
10/12/2017 2:24:00 PM,10343452,156.65
10/12/2017 2:24:00 PM,10349735,156.65
10/12/2017 2:25:00 PM,10355565,156.63
10/12/2017 2:25:00 PM,10356808,156.63
10/12/2017 2:25:00 PM,10358564,156.62
10/12/2017 2:25:00 PM,10361462,156.63
10/12/2017 2:26:00 PM,10366223,156.6385
10/12/2017 2:26:00 PM,10368292,156.635
10/12/2017 2:26:00 PM,10369200,156.6315
10/12/2017 2:27:00 PM,10373863,156.645
10/12/2017 2:27:00 PM,10380015,156.63
10/12/2017 2:27:00 PM,10380928,156.63
10/12/2017 2:27:00 PM,10383626,156.63
10/12/2017 2:28:00 PM,10385739,156.62
10/12/2017 2:28:00 PM,10392553,156.6035
10/12/2017 2:28:00 PM,10397427,156.60
10/12/2017 2:28:00 PM,10419028,156.60
10/12/2017 2:29:00 PM,10423451,156.585
10/12/2017 2:29:00 PM,10428239,156.58
10/12/2017 2:29:00 PM,10440781,156.56
10/12/2017 2:29:00 PM,10449892,156.56
10/12/2017 2:30:00 PM,10456957,156.55
10/12/2017 2:30:00 PM,10463677,156.56
10/12/2017 2:30:00 PM,10466688,156.5599
10/12/2017 2:30:00 PM,10474369,156.56
10/12/2017 2:31:00 PM,10484152,156.5399
10/12/2017 2:31:00 PM,10491292,156.52
10/12/2017 2:31:00 PM,10493833,156.514
10/12/2017 2:31:00 PM,10504726,156.50
10/12/2017 2:32:00 PM,10591636,156.52
10/12/2017 2:32:00 PM,10605399,156.51
10/12/2017 2:32:00 PM,10616893,156.52
10/12/2017 2:32:00 PM,10624071,156.5235
10/12/2017 2:33:00 PM,10642412,156.51
10/12/2017 2:33:00 PM,10666028,156.51
10/12/2017 2:33:00 PM,10670622,156.505
10/12/2017 2:33:00 PM,10676353,156.52
10/12/2017 2:34:00 PM,10688264,156.52
10/12/2017 2:34:00 PM,10688609,156.525
10/12/2017 2:34:00 PM,10699372,156.52
10/12/2017 2:34:00 PM,10709722,156.5342
10/12/2017 2:35:00 PM,10714758,156.52
10/12/2017 2:35:00 PM,10724035,156.5251
10/12/2017 2:35:00 PM,10728784,156.51
10/12/2017 2:35:00 PM,10734849,156.53
10/12/2017 2:36:00 PM,10738092,156.5355
10/12/2017 2:36:00 PM,10740009,156.535
10/12/2017 2:36:00 PM,10765739,156.58
10/12/2017 2:37:00 PM,10772958,156.58
10/12/2017 2:37:00 PM,10776884,156.5833
10/12/2017 2:37:00 PM,10785327,156.565
10/12/2017 2:37:00 PM,10788550,156.565
10/12/2017 2:38:00 PM,10789199,156.564
10/12/2017 2:38:00 PM,10795395,156.58
10/12/2017 2:38:00 PM,10797985,156.59
10/12/2017 2:38:00 PM,10802146,156.595
10/12/2017 2:39:00 PM,10811725,156.59
10/12/2017 2:39:00 PM,10817647,156.59
10/12/2017 2:39:00 PM,10820771,156.59
10/12/2017 2:39:00 PM,10824810,156.595
10/12/2017 2:40:00 PM,10838220,156.60
10/12/2017 2:40:00 PM,10843671,156.59
10/12/2017 2:40:00 PM,10846808,156.6156
10/12/2017 2:40:00 PM,10863547,156.616
10/12/2017 2:41:00 PM,10866523,156.615
10/12/2017 2:41:00 PM,10869267,156.619
10/12/2017 2:41:00 PM,10879642,156.6391
10/12/2017 2:41:00 PM,10887232,156.59
10/12/2017 2:42:00 PM,10900047,156.57
10/12/2017 2:42:00 PM,10907907,156.555
10/12/2017 2:42:00 PM,10909906,156.555
10/12/2017 2:42:00 PM,10913518,156.54
10/12/2017 2:43:00 PM,10920020,156.55
10/12/2017 2:43:00 PM,10929222,156.56
10/12/2017 2:43:00 PM,10931729,156.55
10/12/2017 2:43:00 PM,10932636,156.55
10/12/2017 2:44:00 PM,10937178,156.5615
10/12/2017 2:44:00 PM,10939402,156.56
10/12/2017 2:44:00 PM,10946268,156.55
10/12/2017 2:44:00 PM,10950484,156.53
10/12/2017 2:45:00 PM,10956037,156.53
10/12/2017 2:45:00 PM,10964398,156.5133
10/12/2017 2:45:00 PM,10970652,156.5538
10/12/2017 2:45:00 PM,10973427,156.5445
10/12/2017 2:46:00 PM,10979352,156.555
10/12/2017 2:46:00 PM,10982585,156.54
10/12/2017 2:46:00 PM,10987592,156.53
10/12/2017 2:46:00 PM,10992925,156.545
10/12/2017 2:47:00 PM,11000660,156.52
10/12/2017 2:47:00 PM,11004652,156.5162
10/12/2017 2:47:00 PM,11013053,156.52
10/12/2017 2:47:00 PM,11015347,156.52
10/12/2017 2:48:00 PM,11028019,156.525
10/12/2017 2:48:00 PM,11029400,156.53
10/12/2017 2:48:00 PM,11033135,156.53
10/12/2017 2:49:00 PM,11037543,156.5213
10/12/2017 2:49:00 PM,11046891,156.53
10/12/2017 2:49:00 PM,11088777,156.48
10/12/2017 2:49:00 PM,11103040,156.42
10/12/2017 2:50:00 PM,11113451,156.42
10/12/2017 2:50:00 PM,11122301,156.43
10/12/2017 2:50:00 PM,11130342,156.44
10/12/2017 2:50:00 PM,11133903,156.43
10/12/2017 2:51:00 PM,11138560,156.4144
10/12/2017 2:51:00 PM,11147614,156.43
10/12/2017 2:51:00 PM,11151565,156.43
10/12/2017 2:51:00 PM,11174536,156.44
10/12/2017 2:52:00 PM,11185534,156.4542
10/12/2017 2:52:00 PM,11188858,156.45
10/12/2017 2:52:00 PM,11194600,156.46
10/12/2017 2:52:00 PM,11197568,156.45
10/12/2017 2:53:00 PM,11208752,156.4345
10/12/2017 2:53:00 PM,11212648,156.43
10/12/2017 2:53:00 PM,11232057,156.4315
10/12/2017 2:53:00 PM,11239263,156.42
10/12/2017 2:54:00 PM,11244937,156.4215
10/12/2017 2:54:00 PM,11280501,156.37
10/12/2017 2:54:00 PM,11291567,156.34
10/12/2017 2:54:00 PM,11309069,156.35
10/12/2017 2:55:00 PM,11314764,156.3192
10/12/2017 2:55:00 PM,11322985,156.35
10/12/2017 2:55:00 PM,11334581,156.345
10/12/2017 2:55:00 PM,11340451,156.335
10/12/2017 2:56:00 PM,11351390,156.325
10/12/2017 2:56:00 PM,11380654,156.2708
10/12/2017 2:56:00 PM,11390553,156.2964
10/12/2017 2:56:00 PM,11398722,156.29
10/12/2017 2:57:00 PM,11406271,156.2603
10/12/2017 2:57:00 PM,11414559,156.26
10/12/2017 2:57:00 PM,11421342,156.2726
10/12/2017 2:57:00 PM,11430474,156.28
10/12/2017 2:58:00 PM,11437266,156.27
10/12/2017 2:58:00 PM,11453470,156.295
10/12/2017 2:58:00 PM,11460800,156.275
10/12/2017 2:58:00 PM,11466602,156.2999
10/12/2017 2:59:00 PM,11470865,156.30
10/12/2017 2:59:00 PM,11476532,156.3054
10/12/2017 2:59:00 PM,11486746,156.29
10/12/2017 2:59:00 PM,11491101,156.285
10/12/2017 3:00:00 PM,11500554,156.305
10/12/2017 3:00:00 PM,11524664,156.37
10/12/2017 3:00:00 PM,11530977,156.35
10/12/2017 3:01:00 PM,11545273,156.37
10/12/2017 3:01:00 PM,11574860,156.36
10/12/2017 3:01:00 PM,11578115,156.3646
10/12/2017 3:01:00 PM,11585619,156.3929
10/12/2017 3:02:00 PM,11589995,156.408
10/12/2017 3:02:00 PM,11595622,156.3711
10/12/2017 3:02:00 PM,11608191,156.36
10/12/2017 3:02:00 PM,11616345,156.36
10/12/2017 3:02:00 PM,11622897,156.35
10/12/2017 3:03:00 PM,11626587,156.334
10/12/2017 3:03:00 PM,11639602,156.34
10/12/2017 3:03:00 PM,11650703,156.35
10/12/2017 3:04:00 PM,11658077,156.3399
10/12/2017 3:04:00 PM,11668311,156.335
10/12/2017 3:04:00 PM,11673723,156.335
10/12/2017 3:04:00 PM,11682569,156.318
10/12/2017 3:05:00 PM,11687577,156.32
10/12/2017 3:05:00 PM,11699495,156.315
10/12/2017 3:05:00 PM,11706794,156.30
10/12/2017 3:05:00 PM,11720445,156.31
10/12/2017 3:06:00 PM,11730213,156.31
10/12/2017 3:06:00 PM,11733356,156.33
10/12/2017 3:06:00 PM,11742159,156.32
10/12/2017 3:06:00 PM,11745804,156.34
10/12/2017 3:07:00 PM,11748184,156.33
10/12/2017 3:07:00 PM,11759652,156.32
10/12/2017 3:07:00 PM,11767060,156.31
10/12/2017 3:07:00 PM,11782050,156.35
10/12/2017 3:08:00 PM,11787750,156.33
10/12/2017 3:08:00 PM,11793139,156.32
10/12/2017 3:08:00 PM,11801588,156.36
10/12/2017 3:08:00 PM,11805641,156.35
10/12/2017 3:09:00 PM,11807370,156.3445
10/12/2017 3:09:00 PM,11816650,156.35
10/12/2017 3:09:00 PM,11826354,156.34
10/12/2017 3:09:00 PM,11831886,156.36
10/12/2017 3:10:00 PM,11836178,156.36
10/12/2017 3:10:00 PM,11842635,156.3747
10/12/2017 3:10:00 PM,11851246,156.39
10/12/2017 3:10:00 PM,11857716,156.385
10/12/2017 3:11:00 PM,11863214,156.37
10/12/2017 3:11:00 PM,11865484,156.385
10/12/2017 3:11:00 PM,11870602,156.39
10/12/2017 3:11:00 PM,11878679,156.39
10/12/2017 3:12:00 PM,11882663,156.37
10/12/2017 3:12:00 PM,11920493,156.3899
10/12/2017 3:12:00 PM,11921494,156.3815
10/12/2017 3:13:00 PM,11927264,156.40
10/12/2017 3:13:00 PM,11943893,156.40
10/12/2017 3:13:00 PM,11952619,156.3908
10/12/2017 3:13:00 PM,11960152,156.39
10/12/2017 3:14:00 PM,11972705,156.42
10/12/2017 3:14:00 PM,11986759,156.39
10/12/2017 3:14:00 PM,11990036,156.4045
10/12/2017 3:14:00 PM,11996927,156.39
10/12/2017 3:15:00 PM,12000343,156.385
10/12/2017 3:15:00 PM,12001343,156.385
10/12/2017 3:15:00 PM,12014530,156.36
10/12/2017 3:15:00 PM,12027379,156.33
10/12/2017 3:16:00 PM,12031979,156.34
10/12/2017 3:16:00 PM,12044838,156.2915
10/12/2017 3:16:00 PM,12048014,156.3258
10/12/2017 3:16:00 PM,12050813,156.34
10/12/2017 3:17:00 PM,12056377,156.355
10/12/2017 3:17:00 PM,12061857,156.335
10/12/2017 3:17:00 PM,12071292,156.36
10/12/2017 3:17:00 PM,12090698,156.3466
10/12/2017 3:18:00 PM,12107996,156.34
10/12/2017 3:18:00 PM,12109557,156.357
10/12/2017 3:18:00 PM,12115417,156.348
10/12/2017 3:18:00 PM,12116992,156.35
10/12/2017 3:19:00 PM,12118037,156.36
10/12/2017 3:19:00 PM,12125673,156.34
10/12/2017 3:19:00 PM,12135839,156.31
10/12/2017 3:19:00 PM,12139306,156.3199
10/12/2017 3:20:00 PM,12143543,156.324
10/12/2017 3:20:00 PM,12148837,156.32
10/12/2017 3:20:00 PM,12149969,156.315
10/12/2017 3:20:00 PM,12152505,156.3101
10/12/2017 3:21:00 PM,12160644,156.31
10/12/2017 3:21:00 PM,12169989,156.31
10/12/2017 3:21:00 PM,12170724,156.31
10/12/2017 3:21:00 PM,12175146,156.31
10/12/2017 3:22:00 PM,12182051,156.29
10/12/2017 3:22:00 PM,12188306,156.29
10/12/2017 3:22:00 PM,12198987,156.27
10/12/2017 3:22:00 PM,12202458,156.2775
10/12/2017 3:23:00 PM,12213691,156.31
10/12/2017 3:23:00 PM,12216049,156.30
10/12/2017 3:23:00 PM,12225734,156.30
10/12/2017 3:23:00 PM,12228510,156.30
10/12/2017 3:24:00 PM,12233169,156.3075
10/12/2017 3:24:00 PM,12234822,156.31
10/12/2017 3:24:00 PM,12241874,156.32
10/12/2017 3:25:00 PM,12242163,156.315
10/12/2017 3:25:00 PM,12244374,156.3116
10/12/2017 3:25:00 PM,12254508,156.3249
10/12/2017 3:25:00 PM,12258414,156.325
10/12/2017 3:26:00 PM,12281063,156.35
10/12/2017 3:26:00 PM,12287511,156.32
10/12/2017 3:26:00 PM,12297335,156.29
10/12/2017 3:26:00 PM,12304150,156.2707
10/12/2017 3:26:00 PM,12306068,156.28
10/12/2017 3:27:00 PM,12308923,156.285
10/12/2017 3:27:00 PM,12314017,156.28
10/12/2017 3:27:00 PM,12321741,156.2727
10/12/2017 3:28:00 PM,12329268,156.27
10/12/2017 3:28:00 PM,12332736,156.26
10/12/2017 3:28:00 PM,12342070,156.26
10/12/2017 3:28:00 PM,12348266,156.2509
10/12/2017 3:29:00 PM,12349785,156.2501
10/12/2017 3:29:00 PM,12369582,156.25
10/12/2017 3:29:00 PM,12374378,156.255
10/12/2017 3:29:00 PM,12376183,156.251
10/12/2017 3:30:00 PM,12384531,156.23
10/12/2017 3:30:00 PM,12406816,156.17
10/12/2017 3:30:00 PM,12421191,156.16
10/12/2017 3:30:00 PM,12434897,156.1642
10/12/2017 3:31:00 PM,12447064,156.18
10/12/2017 3:31:00 PM,12467816,156.18
10/12/2017 3:31:00 PM,12483300,156.18
10/12/2017 3:31:00 PM,12490614,156.1615
10/12/2017 3:32:00 PM,12503831,156.19
10/12/2017 3:32:00 PM,12517295,156.19
10/12/2017 3:32:00 PM,12532885,156.16
10/12/2017 3:32:00 PM,12551921,156.15
10/12/2017 3:33:00 PM,12569392,156.18
10/12/2017 3:33:00 PM,12579897,156.16
10/12/2017 3:33:00 PM,12588025,156.17
10/12/2017 3:33:00 PM,12609406,156.12
10/12/2017 3:34:00 PM,12627226,156.14
10/12/2017 3:34:00 PM,12652491,156.13
10/12/2017 3:34:00 PM,12658078,156.13
10/12/2017 3:35:00 PM,12662451,156.14
10/12/2017 3:35:00 PM,12684861,156.18
10/12/2017 3:35:00 PM,12701811,156.145
10/12/2017 3:35:00 PM,12718423,156.15
10/12/2017 3:36:00 PM,12722088,156.155
10/12/2017 3:36:00 PM,12734648,156.19
10/12/2017 3:36:00 PM,12780978,156.2165
10/12/2017 3:36:00 PM,12795073,156.21
10/12/2017 3:37:00 PM,12809693,156.201
10/12/2017 3:37:00 PM,12816966,156.1996
10/12/2017 3:37:00 PM,12829116,156.21
10/12/2017 3:37:00 PM,12835823,156.21
10/12/2017 3:38:00 PM,12853876,156.21
10/12/2017 3:38:00 PM,12863581,156.20
10/12/2017 3:38:00 PM,12872790,156.19
10/12/2017 3:38:00 PM,12877265,156.191
10/12/2017 3:39:00 PM,12891120,156.18
10/12/2017 3:39:00 PM,12898585,156.16
10/12/2017 3:39:00 PM,12912517,156.13
10/12/2017 3:39:00 PM,12920813,156.105
10/12/2017 3:40:00 PM,12938734,156.09
10/12/2017 3:40:00 PM,12956084,156.13
10/12/2017 3:40:00 PM,12973434,156.1289
10/12/2017 3:40:00 PM,12999144,156.1554
10/12/2017 3:41:00 PM,13014386,156.13
10/12/2017 3:41:00 PM,13021485,156.15
10/12/2017 3:41:00 PM,13028712,156.13
10/12/2017 3:41:00 PM,13045882,156.12
10/12/2017 3:42:00 PM,13053136,156.14
10/12/2017 3:42:00 PM,13061581,156.14
10/12/2017 3:42:00 PM,13067990,156.12
10/12/2017 3:42:00 PM,13074734,156.105
10/12/2017 3:43:00 PM,13085106,156.11
10/12/2017 3:43:00 PM,13095125,156.1001
10/12/2017 3:43:00 PM,13107317,156.095
10/12/2017 3:43:00 PM,13113454,156.09
10/12/2017 3:44:00 PM,13129670,156.1166
10/12/2017 3:44:00 PM,13140893,156.11
10/12/2017 3:44:00 PM,13145377,156.1046
10/12/2017 3:44:00 PM,13154305,156.0975
10/12/2017 3:45:00 PM,13161460,156.1056
10/12/2017 3:45:00 PM,13176659,156.12
10/12/2017 3:45:00 PM,13185270,156.12
10/12/2017 3:45:00 PM,13196819,156.125
10/12/2017 3:46:00 PM,13216775,156.095
10/12/2017 3:46:00 PM,13237736,156.08
10/12/2017 3:46:00 PM,13245482,156.0736
10/12/2017 3:47:00 PM,13264454,156.10
10/12/2017 3:47:00 PM,13271319,156.1044
10/12/2017 3:47:00 PM,13280165,156.08
10/12/2017 3:47:00 PM,13282648,156.0847
10/12/2017 3:48:00 PM,13291624,156.09
10/12/2017 3:48:00 PM,13294286,156.08
10/12/2017 3:48:00 PM,13296779,156.08
10/12/2017 3:48:00 PM,13308033,156.07
10/12/2017 3:49:00 PM,13331283,156.04
10/12/2017 3:49:00 PM,13347798,156.0401
10/12/2017 3:49:00 PM,13386635,156.019
10/12/2017 3:49:00 PM,13479900,155.99
10/12/2017 3:50:00 PM,13518517,155.92
10/12/2017 3:50:00 PM,13552627,155.97
10/12/2017 3:50:00 PM,13575599,155.965
10/12/2017 3:50:00 PM,13592999,155.94
10/12/2017 3:51:00 PM,13637008,155.88
10/12/2017 3:51:00 PM,13678146,155.86
10/12/2017 3:51:00 PM,13706523,155.87
10/12/2017 3:51:00 PM,13726037,155.8564
10/12/2017 3:52:00 PM,13753167,155.84
10/12/2017 3:52:00 PM,13780680,155.79
10/12/2017 3:52:00 PM,13806282,155.80
10/12/2017 3:52:00 PM,13837851,155.80
10/12/2017 3:53:00 PM,13893704,155.795
10/12/2017 3:53:00 PM,13978380,155.80
10/12/2017 3:53:00 PM,14042646,155.815
10/12/2017 3:53:00 PM,14058714,155.82
10/12/2017 3:54:00 PM,14090296,155.82
10/12/2017 3:54:00 PM,14129324,155.805
10/12/2017 3:54:00 PM,14169802,155.79
10/12/2017 3:54:00 PM,14207035,155.8173
10/12/2017 3:55:00 PM,14246406,155.83
10/12/2017 3:55:00 PM,14282185,155.77
10/12/2017 3:55:00 PM,14315769,155.77
10/12/2017 3:55:00 PM,14336706,155.77
10/12/2017 3:56:00 PM,14376261,155.85
10/12/2017 3:56:00 PM,14419793,155.78
10/12/2017 3:56:00 PM,14442681,155.77
10/12/2017 3:56:00 PM,14474017,155.78
10/12/2017 3:57:00 PM,14501999,155.84
10/12/2017 3:57:00 PM,14520694,155.85
10/12/2017 3:57:00 PM,14563479,155.90
10/12/2017 3:57:00 PM,14616799,155.95
10/12/2017 3:58:00 PM,14674804,155.88
10/12/2017 3:58:00 PM,14698738,155.92
10/12/2017 3:58:00 PM,14736872,155.99
10/12/2017 3:59:00 PM,14789561,155.96
10/12/2017 3:59:00 PM,14859892,156.05
10/12/2017 3:59:00 PM,14904780,156.075
10/12/2017 3:59:00 PM,14958179,156.05
10/12/2017 3:59:00 PM,15033376,156.05
10/12/2017 4:00:00 PM,16045718,156.00
10/12/2017 4:00:00 PM,16045720,156.00
10/12/2017 4:00:00 PM,16045760,156.00
10/12/2017 4:00:00 PM,16045930,156.00
10/12/2017 4:00:00 PM,16046246,156.00
10/12/2017 4:00:00 PM,16046420,156.00
10/12/2017 4:00:00 PM,16046611,156.00
10/12/2017 4:00:00 PM,16046716,156.00
10/12/2017 4:00:00 PM,16046771,156.00
10/12/2017 4:00:00 PM,16046931,156.00
10/12/2017 4:00:00 PM,16049478,156.00
10/12/2017 4:00:00 PM,16049978,156.00
10/12/2017 4:00:00 PM,16049988,156.00
10/12/2017 4:00:00 PM,16049999,156.00
10/12/2017 4:00:00 PM,16050299,156.00
10/12/2017 4:00:00 PM,16050319,156.00
10/12/2017 4:00:00 PM,16050419,156.00
10/12/2017 4:00:00 PM,16050427,156.00
10/12/2017 4:00:00 PM,16054427,156.00
10/12/2017 4:00:00 PM,16054507,156.00
10/12/2017 4:00:00 PM,16054509,156.00
10/12/2017 4:00:00 PM,16057660,156.00
10/12/2017 4:00:00 PM,16067660,156.00
10/12/2017 4:00:00 PM,16067661,156.00
10/12/2017 4:00:00 PM,16067681,156.00
10/12/2017 4:00:00 PM,16067686,156.00
10/12/2017 4:00:00 PM,16067697,156.00
10/12/2017 4:00:00 PM,16067724,156.00
10/12/2017 4:00:00 PM,16067726,156.00
10/12/2017 4:00:00 PM,16082612,156.00
10/12/2017 4:00:00 PM,16082904,156.00
10/12/2017 4:00:00 PM,16083304,156.00
10/12/2017 4:00:00 PM,16083306,156.00
10/12/2017 4:00:00 PM,16083307,156.00
10/12/2017 4:00:00 PM,16083909,156.00
10/12/2017 4:00:00 PM,16083910,156.00
10/12/2017 4:00:00 PM,16084010,156.00
10/12/2017 4:00:00 PM,16084020,156.00
10/12/2017 4:00:00 PM,16084072,156.00
10/12/2017 4:00:00 PM,16093072,156.00
10/12/2017 4:00:00 PM,16093147,156.00
10/12/2017 4:00:00 PM,16094247,156.00
10/12/2017 4:00:00 PM,16094251,156.00
10/12/2017 4:00:00 PM,16094275,156.00
10/12/2017 4:00:00 PM,16094295,156.00
10/12/2017 4:00:00 PM,16094303,156.00
10/12/2017 4:00:00 PM,16094315,156.00
10/12/2017 4:00:00 PM,16094331,156.00
10/12/2017 4:00:00 PM,16094351,156.00
10/12/2017 4:00:00 PM,16094391,156.00
10/12/2017 4:00:00 PM,16094407,156.00
10/12/2017 4:00:00 PM,16094415,156.00
10/12/2017 4:00:00 PM,16094423,156.00
10/12/2017 4:00:00 PM,16094435,156.00
10/12/2017 4:00:00 PM,16094555,156.00
10/12/2017 4:00:00 PM,16094880,156.00
10/12/2017 4:00:00 PM,16096249,156.00
10/12/2017 4:00:00 PM,16096419,156.00
10/12/2017 4:00:00 PM,16096483,156.00
10/12/2017 4:00:00 PM,16096491,156.00
10/12/2017 4:00:00 PM,16096523,156.00
10/12/2017 4:00:00 PM,16096528,156.00
10/12/2017 4:00:00 PM,16096599,156.00
10/12/2017 4:00:00 PM,16096601,156.00
10/12/2017 4:00:00 PM,16096606,156.00
10/12/2017 4:00:00 PM,16097548,156.00
10/12/2017 4:00:00 PM,16097742,156.00
10/12/2017 4:00:00 PM,16097793,156.00
10/12/2017 4:00:00 PM,16097842,156.00
10/12/2017 4:00:00 PM,16097993,156.00
10/12/2017 4:00:00 PM,16097995,156.00
10/12/2017 4:00:00 PM,16369370,156.00
10/12/2017 4:00:00 PM,16369371,156.00
10/12/2017 4:00:00 PM,16369381,156.00
10/12/2017 4:00:00 PM,16369411,156.00
10/12/2017 4:00:00 PM,16369416,156.00
10/12/2017 4:00:00 PM,16369466,156.00
10/12/2017 4:00:00 PM,16369481,156.00
10/12/2017 4:00:00 PM,16369583,156.00
10/12/2017 4:00:00 PM,16369608,156.00
10/12/2017 4:00:00 PM,16369609,156.00
10/12/2017 4:00:00 PM,16369634,156.00
10/12/2017 4:00:00 PM,16369659,156.00
10/12/2017 4:00:00 PM,16369660,156.00
10/12/2017 4:00:00 PM,16369810,156.00
10/12/2017 4:00:00 PM,16369811,156.00
